Rank,Player,Trends,Avg Pick,HI/LO,% Drafted,
1,Clayton Kershaw SP | LAD ,,2.58, 1/15,92.3
2,Mike Trout CF | LAA , +1,5.67, 1/14,92.3
3,Max Scherzer SP | WAS , +1,7.75, 2/33,92.3
4,Bryce Harper RF | WAS , -2,8.33, 1/34,92.3
5,Josh Donaldson 3B | TOR , +1,10.00, 2/14,92.3
6,Paul Goldschmidt 1B | ARI , -1,10.08, 3/16,92.3
7,Madison Bumgarner SP | SF , +1,11.17, 4/24,92.3
8,Chris Sale SP | CHW , +1,13.50, 5/34,92.3
9,Dallas Keuchel SP | HOU , +4,14.17, 5/43,92.3
10,Jose Bautista RF | TOR , +1,14.42, 6/47,92.3
11,Anthony Rizzo 1B | CHC , -1,14.92, 4/21,92.3
12,Zack Greinke SP | ARI ,,15.00, 4/67,92.3
13,Edwin Encarnacion 1B | TOR , +5,18.50, 10/36,92.3
14,David Price SP | BOS ,,18.92, 7/54,92.3
15,Jake Arrieta SP | CHC , -8,19.08, 2/153,92.3
16,Jacob deGrom SP | NYM ,,20.00, 6/38,92.3
17,Giancarlo Stanton RF | MIA , +2,20.42, 4/32,92.3
18,Miguel Cabrera 1B | DET , +3,20.50, 3/39,92.3
19,Corey Kluber SP | CLE , +4,21.08, 9/68,92.3
20,Andrew McCutchen CF | PIT , -3,21.17, 8/33,92.3
21,Felix Hernandez SP | SEA , +3,23.50, 14/61,92.3
22,Matt Harvey SP | NYM , -2,23.50, 15/42,92.3
23,Jose Altuve 2B | HOU , -1,24.42, 10/41,92.3
24,Mookie Betts CF | BOS , +3,25.92, 9/48,92.3
25,Gerrit Cole SP | PIT , +1,27.50, 13/51,92.3
26,Nolan Arenado 3B | COL , +2,27.58, 5/42,92.3
27,A.J. Pollock CF | ARI , +5,29.58, 16/61,92.3
28,Jose Abreu 1B | CHW , +1,29.83, 10/59,92.3
29,Manny Machado 3B | BAL , -4,33.58, 7/88,92.3
30,Stephen Strasburg SP | WAS , +1,36.08, 13/62,92.3
31,Sonny Gray SP | OAK , -1,36.67, 17/128,92.3
32,Joey Votto 1B | CIN , +3,38.17, 18/70,92.3
33,Buster Posey C | SF , +3,38.50, 17/61,92.3
34,Cole Hamels SP | TEX , +4,39.50, 22/91,92.3
35,Carlos Martinez SP | STL , -1,40.17, 20/69,92.3
36,Jon Lester SP | CHC , +4,45.92, 22/106,92.3
37,Matt Carpenter 3B | STL , +2,47.33, 22/75,92.3
38,Adam Wainwright SP | STL , +5,48.42, 24/117,92.3
39,Carlos Correa SS | HOU , -24,49.50, 1/345,92.3
40,Brendan Rodgers SS | COL *, +159,49.50, 12/87,15.4
41,Jose Fernandez SP | MIA , -8,50.83, 16/166,92.3
42,Carlos Carrasco SP | CLE , -1,51.00, 24/79,92.3
43,Kris Bryant 3B | CHC , -6,54.33, 8/158,92.3
44,Masahiro Tanaka SP | NYY , +1,54.83, 34/100,92.3
45,Chris Davis 1B | BAL , +5,55.00, 25/108,92.3
46,Ryan Braun RF | MIL , +7,55.25, 31/88,92.3
47,Nelson Cruz RF | SEA , +9,55.83, 32/132,92.3
48,Dansby Swanson SS | ATL  *, +132,56.00, 7/105,15.4
49,Michael Wacha SP | STL , -5,56.58, 37/87,92.3
50,Justin Upton LF | DET , +4,56.75, 20/131,92.3
51,Albert Pujols 1B | LAA , +6,57.83, 38/107,92.3
52,Garrett Richards SP | LAA ,,57.83, 38/92,92.3
53,Yoenis Cespedes LF | NYM , -2,58.08, 45/95,92.3
54,Noah Syndergaard SP | NYM , -12,58.91, 34/87,84.6
55,Charlie Blackmon CF | COL , +3,59.33, 31/111,92.3
56,George Springer RF | HOU , -7,60.08, 28/78,92.3
57,Johnny Cueto SP | SF , -2,60.25, 43/79,92.3
58,Adrian Beltre 3B | TEX , +12,62.75, 45/111,92.3
59,Chris Archer SP | TB , -11,64.08, 32/91,92.3
60,Todd Frazier 3B | CHW ,,64.83, 31/105,92.3
61,Brian Dozier 2B | MIN , -2,65.42, 43/106,92.3
62,Carlos Gomez CF | HOU , +4,65.50, 44/110,92.3
63,Lewis Brinson CF | TEX *, +168,69.50, 17/122,15.4
64,Maikel Franco 3B | PHI  *, -1,69.75, 30/101,92.3
65,Dee Gordon 2B | MIA ,,71.83, 27/95,92.3
66,Lorenzo Cain CF | KC , -20,72.33, 34/344,92.3
67,Starling Marte CF | PIT ,,73.83, 53/110,92.3
68,Michael Brantley LF | CLE , -6,74.92, 45/144,92.3
69,Adam Jones CF | BAL , +3,75.92, 46/113,92.3
70,Collin McHugh SP | HOU , +4,76.00, 44/185,92.3
71,Adrian Gonzalez 1B | LAD , +5,76.17, 36/169,92.3
72,Freddie Freeman 1B | ATL , -3,76.17, 31/130,92.3
73,Kenley Jansen RP | LAD ,,76.50, 39/146,92.3
74,J.D. Martinez RF | DET , -3,77.67, 35/116,92.3
75,Eric Hosmer 1B | KC , -7,78.33, 43/121,92.3
76,Danny Salazar SP | CLE , -15,79.42, 44/167,92.3
77,Robinson Cano 2B | SEA , -2,79.83, 51/97,92.3
78,Jason Heyward RF | CHC , +2,79.92, 50/133,92.3
79,Francisco Liriano SP | PIT ,,80.08, 27/196,92.3
80,Ben Zobrist 2B | CHC , +7,80.50, 54/123,92.3
81,Francisco Lindor SS | CLE , -34,80.83, 38/339,92.3
82,Aaron Judge OF | NYY *, +106,81.50, 32/131,15.4
83,Jose Quintana SP | CHW , -6,82.17, 47/158,92.3
84,Rafael Devers 3B | BOS *, +142,84.50, 22/147,15.4
85,Andrew Benintendi CF | BOS *, +130,86.00, 18/154,15.4
86,Austin Meadows OF | PIT *, +231,87.00, 24/150,15.4
87,Sean Newcomb SP | ATL  *, +98,91.00, 21/161,15.4
88,Stephen Piscotty LF | STL , -6,91.33, 76/132,92.3
89,Ian Kinsler 2B | DET , -5,93.08, 71/147,92.3
90,Kyle Schwarber LF | CHC , -26,93.33, 20/346,92.3
91,Hisashi Iwakuma SP | SEA , -2,94.25, 53/369,92.3
92,Carlos Gonzalez RF | COL , -2,96.67, 48/127,92.3
93,Dustin Pedroia 2B | BOS ,,97.00, 75/152,92.3
94,Jason Kipnis 2B | CLE , -9,97.50, 64/140,92.3
95,Franklin Barreto SS | OAK *, +144,99.00, 39/159,15.4
96,Xander Bogaerts SS | BOS , -15,100.17, 17/144,92.3
97,A.J. Reed 1B | HOU  *, +69,101.00, 16/246,23.1
98,Anthony Rendon 2B | WAS , -15,101.50, 22/146,92.3
99,David Ortiz DH | BOS,,102.08, 66/229,92.3
100,Alex Bregman SS | HOU *, +172,103.00, 33/173,15.4
101,John Lackey SP | CHC , +7,103.50, 23/197,92.3
102,Curtis Granderson RF | NYM , +20,104.08, 60/242,92.3
103,Jeff Samardzija SP | SF , -11,104.33, 75/188,92.3
104,Alex Reyes SP | STL  *, +57,105.50, 13/198,15.4
105,Justin Verlander SP | DET , -8,105.58, 69/248,92.3
106,James Shields SP | SD , -4,105.92, 58/201,92.3
107,Carlos Santana 1B | CLE , -19,106.00, 69/213,92.3
108,Kyle Seager 3B | SEA , -10,106.83, 44/195,92.3
109,Jesse Winker LF | CIN  *, +157,107.00, 43/171,15.4
110,Craig Kimbrel RP | BOS , -10,107.08, 24/198,92.3
111,J.P. Crawford SS | PHI *, +26,108.33, 10/256,23.1
112,Daniel Murphy 2B | WAS , +2,109.25, 82/202,92.3
113,Shelby Miller SP | ARI , -12,109.75, 73/178,92.3
114,Troy Tulowitzki SS | TOR , -20,110.42, 30/179,92.3
115,Gleyber Torres SS | CHC *, +265,111.00, 28/194,15.4
116,Marcus Stroman SP | TOR , -20,111.50, 60/167,92.3
117,Ervin Santana SP | MIN  *, +10,112.20, 86/200,76.9
118,Shin-Soo Choo RF | TEX , +6,112.42, 97/172,92.3
119,Prince Fielder DH | TEX , -28,113.42, 73/163,92.3
120,Jacoby Ellsbury CF | NYY , -17,114.00, 67/163,92.3
121,Trevor Rosenthal RP | STL , -26,114.25, 61/151,92.3
122,Jose Reyes SS | COL , -10,118.00, 73/137,92.3
123,Brian McCann C | NYY , -5,118.92, 64/200,92.3
124,Lucas Duda 1B | NYM , +2,119.45, 80/194,84.6
125,Tyson Ross SP | SD , -20,120.25, 36/209,92.3
126,Marco Estrada SP | TOR  *, -6,120.45, 87/223,84.6
127,Clint Frazier OF | CLE  *, +188,121.50, 36/207,15.4
128,Jordan Zimmermann SP | DET , -19,122.00, 90/170,92.3
129,Miguel Sano DH | MIN  *, -51,122.50, 53/342,92.3
130,Lance McCullers SP | HOU , -44,122.67, 56/347,92.3
131,Jake Odorizzi SP | TB , -16,123.42, 72/266,92.3
132,Julio Urias SP | LAD  *, +3,127.00, 4/304,23.1
133,Hunter Pence RF | SF , -8,128.17, 69/170,92.3
134,Julio Teheran SP | ATL , -21,128.33, 110/163,92.3
135,Brett Phillips RF | MIL  *, +192,129.50, 78/181,15.4
136,Christian Yelich LF | MIA , -26,129.75, 97/167,92.3
137,Mark Melancon RP | PIT , -7,130.67, 64/286,92.3
138,Mark Teixeira 1B | NYY , -17,130.75, 99/188,92.3
139,Matt Holliday LF | STL , +3,130.83, 106/192,92.3
140,Michael Pineda SP | NYY  *, -17,131.08, 54/239,92.3
141,Wade Davis RP | KC  *, -37,131.83, 41/335,92.3
142,Yasiel Puig RF | LAD , -35,132.42, 51/193,92.3
143,Mike Fiers SP | HOU , -4,133.27, 102/206,84.6
144,Ryan McMahon 3B | COL  *, +153,133.50, 49/218,15.4
145,Jonathan Lucroy C | MIL , -16,135.58, 75/181,92.3
146,Steven Matz SP | NYM , -29,136.15, 6/204,100.0
147,Nick Williams OF | PHI *, +167,136.50, 53/220,15.4
148,Adam Eaton CF | CHW , -32,137.00, 103/223,92.3
149,Brett Gardner CF | NYY , -4,137.92, 99/249,92.3
150,Aroldis Chapman RP | NYY , -17,138.55, 42/204,84.6
151,Kyle Tucker OF | HOU *, +272,139.00, 52/226,15.4
152,Taijuan Walker SP | SEA  *, -33,139.17, 92/189,92.3
153,Corey Seager SS | LAD  *, -47,139.62, 1/338,100.0
154,Robert Stephenson SP | CIN  *, +116,140.00, 30/250,15.4
155,Huston Street RP | LAA , -15,140.73, 102/249,84.6
156,Jeurys Familia RP | NYM , -45,140.75, 65/352,92.3
157,Anderson Espinoza SP | BOS *, +123,141.50, 26/257,15.4
158,Matt Kemp RF | SD , -24,142.25, 80/169,92.3
159,Lucas Giolito SP | WAS  *, -10,142.50, 3/305,30.8
160,Victor Robles CF | WAS *, +101,144.00, 44/244,15.4
161,Ken Giles RP | HOU  *, -15,145.92, 52/274,92.3
162,Carson Fulmer SP | CHW  *, +131,147.00, 38/256,15.4
163,Jose De Leon SP | LAD  *, +122,147.50, 20/275,15.4
164,Zach Britton RP | BAL , -16,147.92, 67/265,92.3
165,Anthony Alford CF | TOR *, +233,148.00, 75/221,15.4
166,Scott Kazmir SP | LAD , -9,148.25, 63/402,92.3
167,Carlos Rodon SP | CHW  *, -35,149.22, 118/201,69.2
168,Joe Panik 2B | SF  *, -32,149.50, 99/333,92.3
169,Hanley Ramirez LF | BOS  *, -31,150.00, 96/204,92.3
170,Evan Longoria 3B | TB , -29,151.50, 104/179,92.3
171,Salvador Perez C | KC , -27,153.67, 57/247,92.3
172,Matt Duffy 3B | SF , +7,154.36, 74/234,84.6
173,Trevor Plouffe 3B | MIN , -10,154.73, 120/246,84.6
174,Luis Severino SP | NYY  *, -46,155.20, 94/209,76.9
175,Kyle Zimmer RP | KC *, +207,155.50, 56/255,15.4
176,Kenta Maeda SP | LAD  *, -18,156.73, 27/231,84.6
177,Mike Moustakas 3B | KC , -22,157.75, 108/187,92.3
178,R.A. Dickey SP | TOR  *,,157.80, 122/242,76.9
179,Brandon Crawford SS | SF , -17,159.00, 100/212,92.3
180,Santiago Casilla RP | SF , +16,159.50, 127/199,76.9
181,Hector Rondon RP | CHC , -9,160.08, 97/362,92.3
182,Francis Martes SP | HOU *, +355,160.50, 37/284,15.4
183,David Robertson RP | CHW , -10,161.55, 79/391,84.6
184,Ian Happ OF | CHC *, +260,162.50, 46/279,15.4
185,Russell Martin C | TOR , -29,163.08, 102/268,92.3
186,Drew Smyly SP | TB , -43,163.08, 99/285,92.3
187,Jonathan Papelbon RP | WAS  *, +22,163.18, 86/420,84.6
188,Alex Gordon LF | KC , -13,163.36, 112/199,84.6
189,Sean Manaea SP | OAK  *, +142,165.00, 29/301,15.4
190,Yordano Ventura SP | KC , -39,165.14, 109/238,53.8
191,Cody Allen RP | CLE , -22,165.58, 91/372,92.3
192,Khris Davis LF | OAK  *, +16,166.00, 60/324,76.9
193,Travis d'Arnaud C | NYM , -40,166.08, 98/258,92.3
194,Matt Olson 1B | OAK *, +147,166.50, 92/241,15.4
195,Corey Dickerson LF | TB , -43,167.20, 92/202,76.9
196,Gio Gonzalez SP | WAS , -37,169.08, 71/202,92.3
197,Billy Hamilton CF | CIN  *, -47,171.50, 104/233,76.9
198,Rich Hill SP | OAK  *, -3,171.82, 146/216,84.6
199,Jonathon Niese SP | PIT *, +28,172.67, 82/281,46.2
200,Jake McGee RP | COL  *, +101,173.20, 146/212,38.5
201,Joe Ross SP | WAS , -37,173.33, 144/214,69.2
202,Jhonny Peralta SS | STL , -16,173.82, 137/227,84.6
203,Brandon Belt 1B | SF , -36,174.36, 128/234,84.6
204,Rougned Odor 2B | TEX  *, -73,174.50, 29/310,76.9
205,Ketel Marte SS | SEA  *, -24,175.00, 71/238,92.3
206,Billy Burns CF | OAK , -13,176.45, 136/233,84.6
207,Raisel Iglesias SP | CIN , -60,177.70, 94/337,76.9
208,Kole Calhoun RF | LAA , -31,177.83, 137/236,92.3
209,Victor Martinez DH | DET , -33,178.46, 112/351,100.0
210,Eduardo Rodriguez SP | BOS  *, -50,179.17, 132/229,92.3
211,Hyun-Jin Ryu SP | LAD  *, -24,179.83, 98/370,92.3
212,Josh Reddick RF | OAK , -28,180.40, 102/267,76.9
213,Ian Desmond SS | TEX , -30,180.83, 96/253,46.2
214,Kolten Wong 2B | STL , -49,181.00, 74/226,84.6
215,Jason Hammel SP | CHC , -8,181.86, 142/207,53.8
216,Jacob Nottingham C | MIL *, +307,182.50, 65/300,15.4
217,Aaron Nola SP | PHI  *, -47,183.50, 117/219,76.9
218,Ben Revere CF | WAS  *, -26,184.45, 86/236,84.6
219,Neil Walker 2B | NYM , -30,185.70, 157/263,76.9
220,Kyle Hendricks SP | CHC , -38,186.33, 132/227,46.2
221,Tim Anderson SS | CHW  *, +87,186.67, 51/330,23.1
222,Jose Berrios SP | MIN  *, -54,188.25, 15/315,30.8
223,Gregory Polanco RF | PIT , -49,188.29, 82/270,53.8
224,Scott Feldman SP | HOU  *, +140,188.67, 183/200,23.1
225,Brandon Phillips 2B | CIN , -21,188.83, 137/292,92.3
226,Wade Miley SP | SEA  *, +34,189.00, 184/202,30.8
227,Alex Rodriguez DH | NYY , -10,189.50, 145/319,92.3
228,Patrick Corbin SP | ARI  *, -74,189.57, 98/343,53.8
229,Phil Hughes SP | MIN , -58,190.00, 129/296,84.6
230,Denard Span CF | SF , -5,190.00, 100/280,46.2
231,Melky Cabrera LF | CHW , -18,190.25, 141/272,92.3
232,Stephen Vogt C | OAK  *, -13,190.67, 139/292,92.3
233,Forrest Wall 2B | COL *, +145,191.00, 104/278,15.4
234,Shawn Tolleson RP | TEX  *, -13,191.00, 142/422,84.6
235,Kyle Gibson SP | MIN *, -17,191.50, 173/228,46.2
236,Kris Medlen SP | KC  *, +20,191.80, 164/210,38.5
237,Yan Gomes C | CLE  *, -17,192.50, 146/267,92.3
238,Yasmani Grandal C | LAD , -28,192.83, 151/292,92.3
239,Evan Gattis DH | HOU , -49,193.42, 136/258,92.3
240,Nathan Eovaldi SP | NYY  *, -42,194.50, 129/404,76.9
241,Tanner Roark RP | WAS  *, -8,194.73, 125/290,84.6
242,Howie Kendrick 2B | LAD , -36,194.82, 139/309,84.6
243,Jay Bruce RF | CIN , -31,195.50, 139/242,76.9
244,Javier Guerra SS | SD *, +163,195.50, 130/261,15.4
245,Asdrubal Cabrera SS | NYM , +17,196.82, 143/299,84.6
246,Cornelius Randolph LF | PHI *, +140,197.00, 111/283,15.4
247,J.A. Happ SP | TOR  *, +6,197.50, 171/255,46.2
248,Jorge De La Rosa SP | COL *, -2,197.50, 168/247,61.5
249,Glen Perkins RP | MIN , -7,197.90, 117/429,76.9
250,Kendrys Morales DH | KC , -56,197.92, 163/341,92.3
251,Bobby Bradley 1B | CLE *, +187,198.50, 86/311,15.4
252,Nick Gordon SS | MIN *, +170,198.50, 102/295,15.4
253,Marlon Byrd RF | SF, +168,199.33, 183/208,23.1
254,Michael Fulmer SP | DET *, +154,199.50, 54/345,15.4
255,Wei-Yin Chen SP | MIA , -31,199.64, 149/400,84.6
256,Elvis Andrus SS | TEX , -40,199.86, 140/243,53.8
257,Francisco Rodriguez RP | DET , -14,200.75, 103/373,61.5
258,"Ryan Zimmerman 1B | WAS ", -56,202.80, 163/252,76.9
259,DJ LeMahieu 2B | COL  *, -58,203.67, 141/237,69.2
260,Dillon Tate SP | TEX *, +186,204.50, 42/367,15.4
261,Starlin Castro SS | NYY  *, -38,204.86, 114/291,53.8
262,Jorge Soler RF | CHC , -71,205.12, 112/257,61.5
263,Byron Buxton CF | MIN  *, -41,205.14, 2/415,53.8
264,Brad Ziegler RP | ARI  *, +27,205.17, 151/237,46.2
265,Brady Aiken SP | CLE  *, +141,205.50, 79/332,15.4
266,Jayson Werth RF | WAS , +1,205.73, 133/437,84.6
267,Jake Peavy SP | SF , +16,206.29, 166/272,53.8
268,Jerad Eickhoff SP | PHI  *, -33,206.33, 188/251,46.2
269,Anthony DeSclafani SP | CIN  *, -20,206.60, 181/223,38.5
270,Mike Leake SP | STL , -36,206.88, 158/303,61.5
271,Daz Cameron CF | HOU *, +314,207.50, 69/346,15.4
272,Cody Reed SP | CIN  *, +176,207.50, 55/360,15.4
273,Yunel Escobar 3B | LAA , +65,208.33, 205/214,23.1
274,Yu Darvish SP | TEX  *, -63,208.86, 77/492,53.8
275,Michael Conforto LF | NYM  *, -75,209.00, 96/321,46.2
276,David Peralta LF | ARI  *, -44,210.90, 149/270,76.9
277,Ian Kennedy SP | KC , -49,211.00, 174/242,38.5
278,Addison Russell 2B | CHC , -64,211.43, 42/350,53.8
279,Logan Forsythe 2B | TB , -29,211.62, 156/243,61.5
280,Andrew Heaney SP | LAA , -83,212.17, 183/247,46.2
281,Jimmy Nelson SP | MIL , -78,212.20, 179/253,38.5
282,Tyler Glasnow SP | PIT  *, -53,213.44, 8/318,69.2
283,Eddy Martinez LF | CHC  *, +79,214.00, 106/322,15.4
284,Luis Valbuena 3B | HOU  *, +18,214.43, 181/274,53.8
285,Trent Clark OF | MIL *, +268,216.00, 99/333,15.4
286,Alex Jackson OF | SEA *, +273,216.00, 83/349,15.4
287,Martin Prado 3B | MIA, -8,216.71, 192/280,53.8
288,Jung Ho Kang 3B | PIT  *, -52,217.43, 127/336,53.8
289,Alex Verdugo CF | LAD *, +175,218.00, 123/313,15.4
290,Justin Turner 3B | LAD  *, -43,219.14, 81/348,53.8
291,Randal Grichuk LF | STL  *, -86,220.43, 131/292,53.8
292,Tyler Jay RP | MIN  *, +232,221.00, 59/383,15.4
293,Adam Lind 1B | SEA  *, -12,221.62, 165/459,61.5
294,Cody Bellinger 1B | LAD *, +304,222.00, 108/336,15.4
295,Anibal Sanchez SP | DET , -17,222.50, 198/266,46.2
296,David Wright 3B | NYM , -59,223.00, 192/304,53.8
297,Colby Lewis SP | TEX , -9,223.11, 170/324,69.2
298,Matt Shoemaker SP | LAA  *, +24,224.50, 209/239,30.8
299,Trevor Bauer SP | CLE , -55,225.00, 160/294,38.5
300,J.T. Realmuto C | MIA  *, -29,225.78, 155/334,69.2
301,Tyler Stephenson C | CIN *, +239,227.50, 127/328,15.4
302,Kevin Pillar LF | TOR  *, -34,228.67, 172/268,46.2
303,Ubaldo Jimenez SP | BAL  *, +6,228.75, 188/265,30.8
304,Wil Myers CF | SD , -74,228.83, 137/277,46.2
305,Amed Rosario SS | NYM *, +310,229.50, 150/309,15.4
306,Justin Nicolino SP | MIA  *, +14,231.33, 198/298,23.1
307,Doug Fister SP | HOU  *, -21,231.56, 144/405,69.2
308,Aaron Altherr LF | PHI  *, -34,231.60, 170/298,38.5
309,Kevin Gausman SP | BAL  *, -57,231.80, 161/276,38.5
310,A.J. Ramos RP | MIA  *, -59,233.00, 148/384,76.9
311,Hector Santiago SP | LAA  *, -46,233.50, 197/249,30.8
312,Austin Riley 3B | ATL *, +280,235.00, 114/356,15.4
313,Matt Moore SP | TB  *, -59,235.43, 162/316,53.8
314,Andrelton Simmons SS | LAA  *, -51,236.40, 162/283,38.5
315,Andrew Miller RP | NYY , -75,236.71, 173/297,53.8
316,Tyler Kolek SP | MIA *, +111,237.00, 76/398,15.4
317,Jaime Garcia SP | STL , -58,237.00, 48/327,61.5
318,Kolby Allard SP | ATL  *, +215,238.00, 90/386,15.4
319,Rick Porcello SP | BOS  *, -46,238.00, 205/291,46.2
320,Chad Bettis SP | COL  *, +37,238.33, 215/250,23.1
321,Jered Weaver SP | LAA , -73,238.50, 186/379,30.8
322,Chris Colabello LF | TOR *, -32,239.14, 208/284,53.8
323,Nick Markakis RF | ATL  *, -25,240.20, 190/412,38.5
324,Chris Tillman SP | BAL  *, -83,240.75, 205/302,30.8
325,Rubby De La Rosa SP | ARI  *, -29,241.00, 218/287,23.1
326,Clay Buchholz SP | BOS  *, -21,241.60, 179/279,38.5
327,Andrew Knapp C | PHI *, +257,243.00, 180/306,15.4
328,Josh Harrison 3B | PIT  *, -44,243.67, 214/273,46.2
329,Jeff Hoffman SP | COL *, +102,244.50, 58/431,15.4
330,Derek Holland SP | TEX  *, -4,244.75, 234/258,30.8
331,Taylor Jungmann SP | MIL , -54,245.00, 159/411,46.2
332,Ryan Howard 1B | PHI  *, +92,245.00, 220/258,23.1
333,Nathan Karns SP | SEA  *, -64,245.40, 202/289,38.5
334,Mark Appel SP | PHI *, +133,246.50, 74/419,15.4
335,Gerardo Parra RF | COL , -5,246.70, 164/416,76.9
336,Carlos Beltran RF | NYY  *, +14,247.38, 198/424,61.5
337,Derek Fisher LF | HOU *, +165,248.00, 175/321,15.4
338,Aaron Blair SP | ATL  *, +149,249.00, 60/438,15.4
339,Edinson Volquez SP | KC , -40,250.67, 194/401,46.2
340,Blake Swihart C | BOS  *, -85,251.00, 109/350,38.5
341,Josh Hader SP | MIL *, +139,252.00, 64/440,15.4
342,Brad Boxberger RP | TB , +5,253.40, 105/453,38.5
343,Daniel Norris SP | DET  *, -79,254.00, 208/280,38.5
344,Jon Gray SP | COL  *, -44,255.83, 34/364,46.2
345,Brent Honeywell SP | TB *, +160,256.00, 67/445,15.4
346,Joc Pederson CF | LAD , -108,256.50, 84/630,46.2
347,Tom Koehler SP | MIA *, -14,257.25, 209/349,30.8
348,Devon Travis 2B | TOR , -103,257.33, 89/350,46.2
349,Alexei Ramirez SS | SD  *, -67,257.40, 239/320,38.5
350,Sean Doolittle RP | OAK  *, -10,257.67, 149/316,23.1
351,Yangervis Solarte 3B | SD  *, -64,258.40, 152/297,38.5
352,Willy Adames SS | TB *, +102,260.00, 210/310,15.4
353,Jeff Locke SP | PIT  *, +65,260.67, 259/264,23.1
354,Jackie Bradley CF | BOS  *, -79,260.67, 252/265,23.1
355,Matt Wieters C | BAL  *, -51,262.17, 150/364,46.2
356,Drew Storen RP | TOR , +11,262.25, 138/382,30.8
357,Danny Valencia 3B | OAK  *, -13,262.29, 165/358,53.8
358,Erick Aybar SS | ATL *, -29,262.33, 237/275,23.1
359,Mark Canha 1B | OAK  *, -53,262.83, 195/380,46.2
360,Ender Inciarte LF | ATL  *, -65,263.00, 208/299,46.2
361,Delino DeShields CF | TEX  *, -69,263.17, 218/298,46.2
362,Andrew Cashner SP | SD  *, -51,263.33, 183/369,46.2
363,Jake Bauers 1B | TB *, +151,263.50, 156/371,15.4
364,Jack Flaherty SP | STL *, +163,264.50, 103/426,15.4
365,Jomar Reyes 3B | BAL *, +111,265.50, 214/317,15.4
366,Albert Almora CF | CHC  *, +235,266.50, 181/352,15.4
367,Alcides Escobar SS | KC  *, -39,267.00, 246/334,38.5
368,Dexter Fowler CF | CHC , -61,267.60, 224/342,38.5
369,Matt Cain SP | SF  *, -59,268.50, 267/270,15.4
370,Billy Butler DH | OAK  *, -19,268.67, 260/286,23.1
371,Pedro Alvarez 1B | PIT  *, -77,270.00, 246/282,23.1
372,Joey Gallo LF | TEX  *, -19,270.50, 9/643,30.8
373,Chi Chi Gonzalez SP | TEX *, +3,271.00, 271/271,15.4
374,Zach Davies SP | MIL *, -35,271.33, 240/334,23.1
375,Taylor Guerrieri SP | TB  *, +94,272.50, 118/427,15.4
376,Erik Johnson SP | CHW *, -53,273.67, 261/299,23.1
377,Matt Wisler SP | ATL  *, -61,274.50, 254/308,30.8
378,Jean Segura SS | ARI  *, -89,276.50, 193/326,46.2
379,Garrett Whitley OF | TB *, +296,276.50, 188/365,15.4
380,Will Smith RP | MIL  *, +32,277.00, 179/315,30.8
381,Erasmo Ramirez SP | TB  *, -123,278.00, 277/279,15.4
382,John Lamb SP | CIN  *, +9,278.20, 153/332,38.5
383,Steve Cishek RP | SEA  *, +47,279.00, 168/371,30.8
384,Robbie Ray SP | ARI  *, -63,280.00, 267/297,30.8
385,Chase Headley 3B | NYY *, -36,282.00, 259/294,23.1
386,Hector Olivera 3B | ATL  *, -25,283.50, 81/374,46.2
387,Gavin Cecchini SS | NYM *, +237,285.00, 167/403,15.4
388,Jesse Chavez SP | TOR *, +25,285.33, 272/311,23.1
389,Jonathan Schoop 2B | BAL  *, -76,285.50, 226/331,30.8
390,Chris Bassitt SP | OAK  *, +5,285.75, 274/308,30.8
391,Dellin Betances RP | NYY , -88,285.86, 191/396,53.8
392,Justin Morneau 1B | COL , +73,288.00, 286/290,15.4
393,Miguel Gonzalez SP | BAL  *, +155,288.50, 287/290,15.4
394,Drew Pomeranz RP | SD  *, -51,289.00, 244/321,30.8
395,Williams Perez SP | ATL  *, +1,289.67, 285/296,23.1
396,Yadier Molina C | STL , -48,290.33, 138/359,46.2
397,Eddie Rosario LF | MIN  *, -79,291.00, 260/329,30.8
398,Colby Rasmus CF | HOU *, -23,292.33, 278/300,23.1
399,Joe Mauer 1B | MIN , -28,292.33, 267/341,23.1
400,Danny Duffy SP | KC *, -10,293.00, 291/295,23.1
401,Brett Lawrie 3B | CHW  *, -77,295.75, 225/345,30.8
402,Eugenio Suarez SS | CIN  *, -67,295.83, 233/365,46.2
403,Derek Norris C | SD , -69,296.25, 251/333,30.8
404,Ke'Bryan Hayes 3B | PIT *, +291,296.50, 212/381,15.4
405,Wily Peralta SP | MIL *, -60,296.50, 295/298,15.4
406,Josh Tomlin SP | CLE  *, -5,299.33, 105/398,23.1
407,Martin Perez SP | TEX *, -61,299.50, 299/300,15.4
408,Chad Pinder SS | OAK *, +232,300.00, 193/407,15.4
409,Nori Aoki RF | SEA , +16,300.75, 245/325,30.8
410,J.J. Hoover RP | CIN  *, +83,300.75, 225/375,30.8
411,David Freese 3B | LAA *, +141,301.00, 301/301,15.4
412,Marcell Ozuna RF | MIA  *, -76,301.60, 248/347,38.5
413,Desmond Jennings CF | TB *, +24,302.50, 302/303,15.4
414,CC Sabathia SP | NYY *, -12,303.00, 294/310,23.1
415,Nick Castellanos 3B | DET  *, -103,304.25, 251/351,30.8
416,Ryan Weber SP | ATL  *, +76,308.50, 306/311,15.4
417,John Danks SP | CHW *, +109,309.50, 307/312,15.4
418,Jarred Cosart SP | MIA  *, -18,310.50, 308/313,15.4
419,Josh Naylor 1B | MIA *, +197,311.00, 205/417,15.4
420,Jeremy Hellickson SP | PHI  *, -31,311.33, 310/314,23.1
421,Justin Bour 1B | MIA  *, -79,312.00, 295/329,30.8
422,Mark Trumbo RF | BAL  *, -57,313.60, 178/395,38.5
423,Bartolo Colon SP | NYM , +27,314.00, 121/412,23.1
424,Mitch Moreland 1B | TEX  *, -51,314.25, 277/363,30.8
425,Colin Rea SP | SD *, +10,317.00, 303/324,23.1
426,Chris Carter 1B | MIL  *, -70,317.67, 315/321,23.1
427,Alex Rios RF | KC , +79,317.67, 285/382,23.1
428,C.J. Cron 1B | LAA  *, -96,318.33, 281/337,23.1
429,Gilbert Lara SS | MIL *, +370,318.50, 187/450,15.4
430,Johnny Giavotella 2B | LAA  *, +128,319.00, 319/319,15.4
431,Alex Wood SP | LAD , -106,320.20, 62/525,38.5
432,Nomar Mazara RF | TEX  *, -29,320.33, 23/892,23.1
433,Archie Bradley SP | ARI  *, -34,321.40, 47/509,38.5
434,Tyler Chatwood SP | COL  *, -71,322.00, 322/322,15.4
435,Miguel Montero C | CHC , -80,323.33, 278/346,23.1
436,Mark Buehrle SP | TOR, -49,324.00, 192/392,23.1
437,Nick Burdi RP | MIN *, +307,324.50, 226/423,15.4
438,Trea Turner 2B | WAS  *, -44,324.83, 14/778,46.2
439,Max Kepler CF | MIN *, +13,325.25, 66/517,30.8
440,Brad Miller SS | TB  *, -82,326.75, 297/341,30.8
441,Steve Pearce LF | TB *, +21,328.50, 328/329,15.4
442,Wilson Ramos C | WAS  *, -32,329.40, 250/378,38.5
443,Devin Mesoraco C | CIN , -73,329.50, 114/773,46.2
444,Rusney Castillo RF | BOS  *, -92,329.75, 232/400,30.8
445,Francisco Cervelli C | PIT  *, -68,330.00, 330/330,15.4
446,Michael Chavis SS | BOS *, +343,330.50, 209/452,15.4
447,Adonis Garcia 3B | ATL  *, -79,331.00, 306/376,23.1
448,Vincent Velasquez RP | PHI  *, -67,331.60, 198/437,38.5
449,Domingo Santana RF | MIL  *, -66,333.00, 318/343,30.8
450,Angel Pagan CF | SF  *, +88,333.00, 332/334,15.4
451,Eduardo Escobar SS | MIN, -63,334.25, 283/460,30.8
452,Welington Castillo C | ARI  *, -47,334.40, 204/416,38.5
453,Avisail Garcia RF | CHW  *, -116,334.67, 323/341,23.1
454,Steven Souza RF | TB  *, -95,335.00, 323/366,30.8
455,Robinson Chirinos C | TEX  *, -76,338.50, 338/339,15.4
456,Lonnie Chisenhall RF | CLE *, -17,339.50, 339/340,15.4
457,Dilson Herrera 2B | NYM *, +20,341.00, 133/510,30.8
458,Zack Cozart SS | CIN  *, +8,343.50, 343/344,15.4
459,Charlie Morton SP | PHI *, +23,343.50, 342/345,15.4
460,Marcus Semien SS | OAK , -100,343.75, 313/368,30.8
461,Josh Bell 1B | PIT  *, +121,344.00, 35/841,23.1
462,Adeiny Hechavarria SS | MIA, -48,346.67, 222/411,23.1
463,Carter Capps RP | MIA  *, +55,348.00, 124/704,30.8
464,Arodys Vizcaino RP | ATL *, -15,348.67, 254/399,23.1
465,Josh Hamilton RF | TEX  *, -5,351.67, 350/353,23.1
466,Dalton Pompey CF | TOR *, -13,351.67, 129/649,23.1
467,Jose Iglesias SS | DET *, +7,353.00, 352/354,15.4
468,Jorge Lopez SP | MIL *, +183,354.00, 98/610,15.4
469,Bud Norris RP | ATL *, +149,355.00, 354/356,15.4
470,Roberto Osuna RP | TOR  *, -98,358.50, 221/482,46.2
471,James Loney 1B | TB *, +184,358.50, 358/359,15.4
472,Tyler Duffey SP | MIN  *, -43,359.00, 207/483,30.8
473,Didi Gregorius SS | NYY *, -37,360.00, 360/360,15.4
474,David Hernandez RP | PHI  *, +103,360.67, 200/452,23.1
475,Jesus Montero 1B | SEA  *, +99,363.50, 288/439,15.4
476,Jarrod Dyson CF | KC  *, -5,364.00, 361/367,15.4
477,Logan Morrison 1B | TB  *, +58,364.00, 362/366,15.4
478,Jose Peraza 2B | CIN  *, -3,365.00, 63/821,23.1
479,Michael Lorenzen SP | CIN  *, -62,365.50, 361/370,15.4
480,Yovani Gallardo SP | BAL , +6,367.00, 237/443,23.1
481,Jurickson Profar 2B | TEX  *, -107,367.00, 157/478,23.1
482,Matt Garza SP | MIL  *, +84,367.00, 363/371,15.4
483,Orlando Arcia SS | MIL  *, +45,368.00, 11/999,23.1
484,John Jaso DH | PIT  *, +158,368.50, 362/375,15.4
485,Jason Castro C | HOU *, +24,369.50, 366/373,15.4
486,David Murphy RF | BOS  *, -66,370.50, 367/374,15.4
487,Mike Pelfrey SP | DET  *, +93,370.50, 369/372,15.4
488,Yasmany Tomas RF | ARI  *, -122,370.75, 180/519,30.8
489,Kevin Kiermaier CF | TB  *, -73,372.33, 348/421,23.1
490,James Paxton SP | SEA  *, -97,372.67, 257/442,23.1
491,Manuel Margot CF | SD  *, +82,372.67, 25/911,23.1
492,Brandon Moss RF | STL *, -31,374.00, 286/418,23.1
493,Byung Ho Park 1B | MIN  *, +159,376.80, 61/1171,38.5
494,Matt Adams 1B | STL  *, -109,377.25, 239/445,30.8
495,Mike Napoli 1B | CLE  *, +39,377.50, 372/383,15.4
496,Tyler Saladino 3B | CHW  *, +47,378.00, 377/379,15.4
497,Jordy Mercer SS | PIT *, +16,378.00, 376/380,15.4
498,Joakim Soria RP | KC *, +19,379.00, 317/415,23.1
499,Kendall Graveman SP | OAK  *, -57,379.50, 378/381,15.4
500,Mat Latos SP | CHW  *, -108,380.00, 293/431,23.1
501,J.J. Hardy SS | BAL  *, -104,380.50, 379/382,15.4
502,Jake Lamb 3B | ARI  *, -55,381.67, 331/408,23.1
503,Nick Hundley C | COL  *, +19,382.50, 380/385,15.4
504,Yonder Alonso 1B | OAK  *, +59,383.33, 353/442,23.1
505,Enrique Hernandez CF | LAD  *, -46,383.67, 353/401,23.1
506,Jace Peterson 2B | ATL  *, -66,384.00, 384/384,15.4
507,Odubel Herrera CF | PHI  *, -153,386.00, 383/389,15.4
508,Chase Anderson SP | MIL *, +33,387.33, 312/433,23.1
509,Jordan Lyles SP | COL  *, +103,387.50, 385/390,15.4
510,Anthony Gose CF | DET  *, +39,388.50, 387/390,15.4
511,Roenis Elias SP | BOS  *, -11,388.50, 386/391,15.4
512,Fernando Rodney RP | SD  *, +7,389.33, 245/475,23.1
513,Freddy Galvis SS | PHI  *, +51,390.00, 389/391,15.4
514,Jed Lowrie 3B | OAK , -13,390.00, 387/393,15.4
515,Dylan Bundy RP | BAL  *, +52,390.00, 45/751,23.1
516,Pablo Sandoval 3B | BOS  *, -132,390.33, 357/456,23.1
517,Scooter Gennett 2B | MIL  *, -23,392.00, 386/398,15.4
518,Abraham Almonte CF | CLE  *, +112,393.50, 388/399,15.4
519,Michael Feliz RP | HOU  *, +343,394.50, 176/613,15.4
520,Mike Wright SP | BAL  *, -77,394.50, 394/395,15.4
521,Danny Espinosa 2B | WAS  *, +101,396.67, 316/438,23.1
522,Kevin Quackenbush RP | SD  *, +227,397.67, 279/470,23.1
523,Brandon Morrow SP | SD  *, +64,399.00, 397/401,15.4
524,Carl Crawford LF | LAD  *, -73,402.50, 402/403,15.4
525,Raimel Tapia CF | COL *, +111,403.00, 80/889,23.1
526,Dioner Navarro C | CHW  *, +184,404.33, 325/447,23.1
527,Joe Kelly SP | BOS , -54,404.33, 240/500,23.1
528,Curt Casali C | TB  *, +2,405.00, 404/406,15.4
529,Henderson Alvarez SP | OAK  *, -41,405.50, 403/408,15.4
530,Alen Hanson 2B | PIT *, +101,405.67, 89/868,23.1
531,Nolan Reimold RF | BAL  *, -76,407.00, 404/410,15.4
532,Mac Williamson RF | SF *, +188,407.00, 225/513,23.1
533,Jon Singleton 1B | HOU  *, -35,407.67, 271/493,23.1
534,Juan Uribe 3B | CLE  *, -78,408.00, 295/480,23.1
535,Joaquin Benoit RP | SEA  *, +73,411.00, 259/509,23.1
536,Rajai Davis LF | CLE  *, +47,411.50, 409/414,15.4
537,Jameson Taillon SP | PIT  *, +18,413.33, 41/917,23.1
538,James McCann C | DET *, -55,413.50, 407/420,15.4
539,Giovanny Urshela 3B | CLE  *, -19,414.50, 410/419,15.4
540,Chris Iannetta C | SEA  *, -72,417.00, 412/422,15.4
541,Gary Sanchez C | NYY  *, +72,417.67, 88/860,23.1
542,Travis Jankowski CF | SD  *, +67,417.67, 400/451,23.1
543,Cesar Hernandez 2B | PHI  *, +45,418.00, 413/423,15.4
544,Cory Spangenberg 2B | SD  *, +16,418.67, 406/428,23.1
545,Ben Paulsen 1B | COL  *, -60,419.67, 414/428,23.1
546,Luke Gregerson RP | HOU  *, -15,420.33, 280/513,23.1
547,Tim Lincecum SP | SF *, +218,421.67, 304/496,23.1
548,Leonys Martin CF | SEA  *, -59,422.00, 420/424,15.4
549,Cameron Rupp C | PHI  *, -39,423.00, 421/425,15.4
550,Henry Owens SP | BOS  *, -146,423.67, 354/481,23.1
551,Robert Refsnyder 2B | NYY  *, +106,424.33, 155/811,23.1
552,Darren O'Day RP | BAL *, -1,425.33, 327/491,23.1
553,Tom Wilhelmsen RP | TEX *, +227,425.33, 307/505,23.1
554,Juan Lagares CF | NYM  *, -76,426.50, 423/430,15.4
555,Socrates Brito CF | ARI  *, +71,426.75, 211/531,30.8
556,Carlos Perez C | LAA  *, +64,427.00, 426/428,15.4
557,Raul Mondesi SS | KC *, +130,427.33, 57/990,23.1
558,Chris Owings 2B | ARI  *, -16,428.00, 425/431,15.4
559,Jimmy Rollins SS | CHW , -80,428.00, 427/429,15.4
560,Joe Smith RP | LAA *, +182,428.67, 326/500,23.1
561,Chris Young SP | KC *, -50,429.50, 426/433,15.4
562,Hyun Soo Kim LF | BAL  *, +395,430.00, 73/1072,30.8
563,Aaron Hicks CF | NYY  *, -129,435.00, 424/446,15.4
564,Bubba Starling CF | KC *, +230,436.33, 202/720,23.1
565,Alfredo Simon SP | DET  *, -70,436.50, 427/446,15.4
566,Jeremy Jeffress RP | MIL  *, +78,436.67, 302/528,23.1
567,Kevin Siegrist RP | STL  *, +70,438.33, 336/512,23.1
568,Omar Infante 2B | KC  *, -69,439.00, 438/440,15.4
569,Brandon Drury 3B | ARI  *, +127,439.67, 139/855,23.1
570,Zack Wheeler SP | NYM  *, -201,440.00, 189/691,15.4
571,Tyler Flowers C | ATL *, +122,440.50, 439/442,15.4
572,Brett Oberholtzer SP | PHI  *, +39,441.00, 432/450,15.4
573,Chris Heston SP | SF , -89,442.50, 434/451,15.4
574,Logan Verrett RP | NYM  *, +19,442.50, 432/453,15.4
575,Kyle Lohse SP | MIL  *, -105,445.00, 434/456,15.4
576,Dan Vogelbach 1B | CHC  *, +129,446.33, 195/842,23.1
577,Jorge Polanco SS | MIN *, +158,447.67, 113/977,23.1
578,Brock Holt 2B | BOS  *, -88,448.50, 440/457,15.4
579,Jason Motte RP | COL *, +105,449.50, 435/464,15.4
580,Aaron Sanchez RP | TOR *, -55,451.50, 243/660,15.4
581,Ryan Vogelsong SP | SF  *, +91,452.50, 437/468,15.4
582,Trayce Thompson CF | LAD *, -66,453.33, 396/497,23.1
583,Harold Ramirez CF | PIT *, +149,455.00, 163/872,23.1
584,Alex Meyer RP | MIN *, +389,456.00, 170/742,15.4
585,Tony Watson RP | PIT *, -14,459.50, 447/472,15.4
586,Cameron Maybin CF | DET  *, -57,460.33, 448/476,23.1
587,Aaron Brooks SP | CHC  *, +9,460.50, 439/482,15.4
588,Chris Coghlan LF | OAK  *, +169,463.00, 449/477,15.4
589,Brett Anderson SP | LAD , -131,463.50, 443/484,15.4
590,Drew Hutchison SP | TOR  *, -133,464.50, 444/485,15.4
591,Jaff Decker LF | TB *, +117,464.67, 231/592,23.1
592,Robbie Erlin SP | SD *, +25,465.50, 445/486,15.4
593,Jesus Montero C | STL  *, +76,467.00, 455/479,15.4
594,Phil Gosselin 2B | ARI  *, +157,467.00, 460/474,15.4
595,Trevor Story SS | COL  *, +67,467.67, 93/984,23.1
596,A.J. Pierzynski C | ATL *, +10,468.50, 456/481,15.4
597,Adam Morgan SP | PHI *, -41,468.50, 450/487,15.4
598,Felix Doubront SP | OAK  *, -59,469.50, 451/488,15.4
599,Tom Murphy C | COL  *, +108,470.33, 174/824,23.1
600,Tyler Clippard RP | ARI *, +158,470.50, 323/618,15.4
601,Michael Saunders LF | TOR  *, +158,471.50, 454/489,15.4
602,Brian Johnson SP | BOS  *, +174,471.67, 48/959,23.1
603,Amir Garrett SP | CIN *, +158,471.67, 84/937,23.1
604,Jesse Hahn SP | OAK  *, +6,472.00, 300/644,15.4
605,Austin Jackson CF | CHC  *, +51,472.50, 455/490,15.4
606,John Ryan Murphy C | MIN  *, -143,473.00, 457/489,15.4
607,Ozzie Albies SS | ATL  *, +82,473.33, 70/1182,23.1
608,Jonathan Villar SS | MIL  *, -30,473.33, 452/510,23.1
609,Derek Dietrich LF | MIA  *, -63,474.00, 453/495,15.4
610,Aaron Harang SP | PHI *, -63,474.50, 458/491,15.4
611,Javier Baez 2B | CHC  *, -183,477.00, 124/830,15.4
612,Jedd Gyorko 2B | STL  *, -109,477.00, 454/516,23.1
613,Brad Brach RP | BAL *, -63,478.00, 459/497,15.4
614,Seth Smith LF | SEA *, -9,478.50, 462/495,15.4
615,Jhoulys Chacin SP | ATL  *, +86,478.50, 463/494,15.4
616,Carson Smith RP | BOS  *, -135,482.00, 463/501,15.4
617,Cody Asche LF | PHI  *, +31,482.50, 462/503,15.4
618,Tyler Lyons SP | STL  *, -4,483.50, 469/498,15.4
619,Mike Minor SP | KC  *, +55,484.00, 284/595,23.1
620,Ivan Nova SP | NYY  *, +51,485.00, 471/499,15.4
621,Zach Lee SP | LAD *, +299,486.33, 184/966,23.1
622,Boog Powell CF | SEA *, +323,487.33, 168/906,23.1
623,Anthony Ranaudo SP | TEX *, -55,487.50, 474/501,15.4
624,Michael Taylor CF | WAS  *, -120,487.67, 447/518,23.1
625,Randall Delgado RP | ARI *, -56,488.50, 466/511,15.4
626,Jeff Francoeur RF | ATL  *, -56,489.00, 476/502,15.4
627,Peter O'Brien LF | ARI  *, -4,489.33, 160/898,23.1
628,Jarrett Parker RF | SF *, -63,490.00, 477/503,15.4
629,Willson Contreras C | CHC *, +152,490.67, 71/1178,23.1
630,Hunter Strickland RP | SF *, +139,491.50, 469/514,15.4
631,Dariel Alvarez RF | BAL *, +4,492.00, 478/506,15.4
632,Kevin Jepsen RP | MIN *, +270,492.67, 319/589,23.1
633,Andrew Chafin RP | ARI *, -58,494.00, 471/517,15.4
634,Jeremy Guthrie SP | TEX  *, -58,494.00, 484/504,15.4
635,Sergio Romo RP | SF  *, +222,494.33, 255/630,23.1
636,Christian Walker 1B | BAL *, -46,494.67, 434/527,23.1
637,C.J. Wilson SP | LAA  *, -80,495.00, 485/505,15.4
638,George Kontos RP | SF *, -59,496.00, 472/520,15.4
639,Ricky Nolasco SP | MIN  *, -58,496.50, 486/507,15.4
640,Matt Boyd SP | DET *, -8,497.50, 487/508,15.4
641,Wilmer Difo 2B | WAS *, +143,498.00, 100/1019,23.1
642,Preston Tucker LF | HOU  *, -81,498.33, 441/532,23.1
643,Dixon Machado SS | DET  *, +85,499.00, 473/525,15.4
644,Evan Scribner RP | SEA *, -53,500.50, 475/526,15.4
645,Jorge Alfaro C | PHI  *, +53,500.67, 105/1058,23.1
646,Danny Farquhar RP | TB *, +215,501.00, 329/673,15.4
647,Kurt Suzuki C | MIN  *, +144,501.50, 492/511,15.4
648,Jon Jay CF | SD *, -54,502.00, 490/514,15.4
649,Richie Shaffer 1B | TB *, +171,502.33, 206/767,23.1
650,Yimi Garcia RP | LAD *, -55,503.00, 479/527,15.4
651,Kyle Kendrick SP | ATL *, -54,504.50, 493/516,15.4
652,Corey Knebel RP | MIL *, +259,504.50, 249/760,15.4
653,Alex Cobb SP | TB , -181,505.00, 338/672,15.4
654,Tyler Skaggs SP | LAA  *, -100,505.33, 344/597,23.1
655,Mallex Smith LF | ATL *, +168,508.33, 192/908,23.1
656,Tyler Collins RF | DET *, +186,509.00, 499/519,15.4
657,Brandon Nimmo CF | NYM  *, +160,510.67, 196/904,23.1
658,Chris Hatcher RP | LAD *, +260,511.00, 312/710,15.4
659,Craig Gentry LF | LAA  *, -56,512.00, 502/522,15.4
660,Keyvius Sampson SP | CIN  *, +53,512.50, 504/521,15.4
661,Franklin Gutierrez LF | SEA *, -12,514.50, 506/523,15.4
662,Roman Quinn CF | PHI *, -60,515.33, 443/558,23.1
663,Dustin Ackley LF | NYY  *, +63,515.50, 507/524,15.4
664,Jose Ramirez SS | CLE  *, +414,516.50, 233/800,15.4
665,Blake Snell SP | TB *,,517.33, 19/1305,23.1
666,Rafael Ortega CF | LAA *, -47,521.50, 515/528,15.4
667,Travis Shaw 1B | BOS  *, -122,522.00, 518/526,15.4
668,Mason Williams CF | NYY  *, +100,524.00, 409/639,15.4
669,Tim Cooney SP | STL  *, +255,529.00, 134/924,15.4
670,Robbie Grossman CF | CLE *, -43,529.50, 524/535,15.4
671,Arquimedes Caminero RP | PIT *, -33,535.50, 529/542,15.4
672,Kaleb Cowart 3B | LAA  *, +110,535.50, 535/536,15.4
673,Fernando Rodriguez RP | OAK *, -34,536.50, 530/543,15.4
674,Dan Robertson CF | SEA *, +494,537.50, 189/886,15.4
675,Will Harris RP | HOU *, -34,537.50, 531/544,15.4
676,Mikie Mahtook LF | TB *, +14,538.00, 436/640,15.4
677,Brett Cecil RP | TOR *, +163,538.50, 532/545,15.4
678,Ryan Goins 2B | TOR  *, +34,539.50, 538/541,15.4
679,Oswaldo Arcia RF | MIN  *, -167,539.50, 533/546,15.4
680,David Dahl OF | COL *, +105,541.00, 40/1364,23.1
681,Hansel Robles RP | NYM  *, -35,541.00, 534/548,15.4
682,Will Venable RF | CLE  *, -35,541.50, 536/547,15.4
683,Grady Sizemore CF | TB *, -33,543.00, 537/549,15.4
684,Gabby Guerrero RF | ARI *, +487,544.00, 201/887,15.4
685,Gregor Blanco LF | SF  *, -32,544.50, 539/550,15.4
686,Allen Craig RF | BOS  *, -32,545.50, 540/551,15.4
687,Eric Young LF | MIL *, -29,547.00, 541/553,15.4
688,Adam Duvall LF | CIN  *, -54,548.00, 542/554,15.4
689,Fernando Salas RP | LAA *, -30,549.50, 543/556,15.4
690,Carlos Villanueva RP | SD *, -29,550.50, 544/557,15.4
691,Chasen Shreve RP | NYY  *, -28,552.50, 546/559,15.4
692,Josh Fields RP | HOU *, -28,553.50, 547/560,15.4
693,Jerry Sands RF | CHW *, -27,554.50, 548/561,15.4
694,Yusmeiro Petit RP | WAS *, -26,555.50, 549/562,15.4
695,Tyrell Jenkins SP | ATL *, +392,556.00, 161/951,15.4
696,Jake Smolinski LF | OAK *, -26,556.50, 550/563,15.4
697,Brandon Finnegan RP | CIN  *, -189,557.50, 418/697,15.4
698,Nick Swisher LF | ATL  *, +94,558.00, 551/565,15.4
699,Andre Ethier RF | LAD  *, +140,560.00, 552/568,15.4
700,David DeJesus LF | LAA *, -27,561.00, 553/569,15.4
701,Frankie Montas RP | LAD  *, +222,562.00, 119/1005,15.4
702,Clint Robinson 1B | WAS *, -26,562.50, 555/570,15.4
703,Justin De Fratus RP | SEA *, -26,562.50, 554/571,15.4
704,Greg Bird 1B | NYY  *, -183,563.33, 314/782,23.1
705,Michael Choice CF | CLE  *, -27,564.00, 556/572,15.4
706,Luke Hochevar RP | KC *, -26,565.00, 557/573,15.4
707,Tony Sipp RP | HOU *, -26,566.00, 558/574,15.4
708,Carlos Torres RP | ATL *, -26,567.00, 559/575,15.4
709,Pedro Baez RP | LAD *, -26,568.00, 560/576,15.4
710,Keone Kela RP | TEX  *, +65,569.00, 561/577,15.4
711,Sam Dyson RP | TEX *, -26,570.00, 562/578,15.4
712,Matt Joyce LF | PIT  *, -26,571.50, 563/580,15.4
713,Bryan Shaw RP | CLE  *, -22,573.00, 564/582,15.4
714,Wilmer Flores SS | NYM  *, -170,574.00, 340/808,15.4
715,Alejandro De Aza LF | NYM  *, -23,574.00, 565/583,15.4
716,Coco Crisp CF | OAK  *, -22,575.00, 566/584,15.4
717,Shawn Kelley RP | WAS *, -18,576.50, 567/586,15.4
718,Jose Alvarez RP | LAA *, -18,577.50, 568/587,15.4
719,Jared Hughes RP | PIT *, -16,578.50, 569/588,15.4
720,Al Alburquerque RP | LAA *, -11,582.50, 572/593,15.4
721,Kelvin Herrera RP | KC *, +163,585.00, 574/596,15.4
722,Liam Hendriks RP | OAK *, -8,587.00, 576/598,15.4
723,Justin Grimm RP | CHC *, -7,588.00, 577/599,15.4
724,Yoan Moncada 2B | BOS  *, +38,588.67, 5/1740,23.1
725,Dian Toscano LF | ATL *, -8,589.00, 578/600,15.4
726,Dominic Smith 1B | NYM *, +218,589.00, 82/1447,23.1
727,Jarrod Parker SP | OAK  *, +400,590.00, 230/950,15.4
728,Kelly Dugan CF | PHI *, -10,590.50, 579/602,15.4
729,Joe Musgrove SP | HOU  *, +237,591.50, 235/948,15.4
730,Quintin Berry CF | LAA *, -11,591.50, 580/603,15.4
731,Jumbo Diaz RP | CIN *, -10,592.50, 581/604,15.4
732,Casey Fien RP | MIN *, -10,594.00, 582/606,15.4
733,Jonny Gomes LF | KC *, -10,595.00, 583/607,15.4
734,Sean Gilmartin RP | NYM  *, -10,596.50, 584/609,15.4
735,Jonathan Broxton RP | STL *, -10,597.50, 585/610,15.4
736,Pedro Strop RP | CHC  *, +70,599.50, 586/613,15.4
737,Marco Gonzales SP | STL *, +269,599.50, 145/1054,15.4
738,Drew Stubbs CF | TEX  *, -9,601.00, 588/614,15.4
739,Blaine Hardy RP | DET *, -9,601.50, 587/616,15.4
740,Brandon Guyer RF | TB  *, +71,602.00, 589/615,15.4
741,Marwin Gonzalez 1B | HOU  *, +87,602.00, 405/799,15.4
742,Tommy Milone SP | MIN  *, +18,603.50, 590/617,15.4
743,Bradley Zimmer OF | CLE  *, +144,604.00, 31/1633,23.1
744,Pat Neshek RP | HOU  *, -8,605.00, 591/619,15.4
745,Austin Adams RP | CLE *, -7,606.00, 592/620,15.4
746,Mike Aviles LF | DET *, +157,607.00, 593/621,15.4
747,Jorge Mateo SS | NYY *, +201,607.67, 77/1580,23.1
748,Jeanmar Gomez RP | PHI *, -8,608.50, 594/623,15.4
749,Bryan Morris RP | MIA *, -8,609.50, 595/624,15.4
750,Touki Toussaint SP | ATL *, +234,610.00, 126/1315,23.1
751,Seth Maness RP | STL *, -8,610.50, 596/625,15.4
752,Ryan LaMarre CF | BOS *, -6,611.50, 597/626,15.4
753,Ariel Pena SP | MIL  *, -3,613.50, 600/627,15.4
754,Sean Nolin SP | MIL  *, -39,615.00, 601/629,15.4
755,Austin Hedges C | SD *, +373,618.50, 186/1051,15.4
756,Franklyn Kilome SP | PHI *, +280,626.00, 125/1396,23.1
757,Christian Arroyo SS | SF *, +253,632.33, 94/1488,23.1
758,Jimmy Paredes DH | BAL  *, +37,636.50, 512/761,15.4
759,Renato Nunez 3B | OAK  *, +39,637.50, 393/882,15.4
760,Chase Utley 2B | LAD , +71,638.50, 515/762,15.4
761,Chris Gimenez C | TEX  *, +43,641.50, 520/763,15.4
762,Miguel Almonte RP | KC *, +368,642.00, 137/1147,15.4
763,Matt Hague 1B | TOR  *, +47,646.50, 529/764,15.4
764,Cody Decker 1B | KC  *, +51,647.50, 530/765,15.4
765,Dustin Garneau C | COL  *, +53,649.50, 533/766,15.4
766,Steve Clevenger DH | SEA  *, +59,652.50, 537/768,15.4
767,Matt Clark 1B | CHC  *, +60,653.50, 538/769,15.4
768,Don Kelly 3B | MIA  *, +64,654.50, 539/770,15.4
769,Ike Davis 1B | TEX  *, +65,655.50, 540/771,15.4
770,Adam LaRoche 1B | CHW  *, +182,662.00, 552/772,15.4
771,Hunter Harvey SP | BAL  *, +250,668.33, 68/1545,23.1
772,Caleb Joseph C | BAL *, +217,669.00, 564/774,15.4
773,Christian Colon SS | KC  *, +48,670.50, 566/775,15.4
774,Hank Conger C | TB  *, +86,671.50, 567/776,15.4
775,Homer Bailey SP | CIN  *, -130,671.50, 207/1136,15.4
776,Ruben Tejada SS | NYM  *, +91,678.00, 579/777,15.4
777,Hunter Renfroe OF | SD  *, +285,680.67, 85/1596,23.1
778,Carson Blair C | OAK  *, +96,682.00, 585/779,15.4
779,Alex Guerrero LF | LAD  *, -6,682.00, 351/1013,15.4
780,Grant Holmes SP | LAD *, +270,684.67, 87/1708,23.1
781,A.J. Ellis C | LAD  *, +98,685.00, 590/780,15.4
782,Josh Rutledge 2B | BOS  *, +99,686.00, 591/781,15.4
783,Billy McKinney OF | CHC  *, +263,686.00, 96/1732,23.1
784,Max Fried SP | ATL  *, +305,686.50, 152/1221,15.4
785,Chris Johnson 1B | MIA *, +104,692.00, 601/783,15.4
786,Carlos Ruiz C | PHI  *, +107,694.50, 605/784,15.4
787,Ryan Hanigan C | BOS *, +109,696.50, 608/785,15.4
788,Carlos Sanchez 2B | CHW  *, +112,698.50, 611/786,15.4
789,Yadiel Rivera 2B | MIL *, +226,699.50, 612/787,15.4
790,Danny Santana SS | MIN  *, +218,703.00, 618/788,15.4
791,Jefry Marte 1B | LAA *, +119,705.50, 622/789,15.4
792,Reymond Fuentes CF | KC *, +520,705.50, 237/1174,15.4
793,Cristhian Adames SS | COL  *, +65,705.50, 414/997,15.4
794,D.J. Peterson 1B | SEA *, +405,707.00, 131/1283,15.4
795,Hernan Perez 3B | MIL *, +122,709.00, 628/790,15.4
796,Kevin Newman SS | PIT *, +462,722.67, 110/1746,23.1
797,Phil Bickford SP | SF *, +566,797.00, 95/1499,15.4
798,Trey Ball SP | BOS *, +593,881.50, 121/1642,15.4
799,Isan Diaz SS | ARI *, +722,885.50, 101/1670,15.4
800,Jahmai Jones CF | LAA *, +1023,895.00, 227/1563,15.4
